<?xml version="1.0" encoding="UTF-8"?>
<database defaultPhpNamingMethod="underscore" heavyIndexing="false" name="workflow" defaultIdMethod="native"><table skipSql="false" abstract="false" name="ODOOSTEP_CONFIG" phpName="OdooStepConf" idMethod="native"><column lazyLoad="false" name="ID" type="INTEGER" required="true" primaryKey="true" autoIncrement="true"/><column primaryKey="false" autoIncrement="false" lazyLoad="false" name="URL" type="VARCHAR" size="255" required="true"/><column primaryKey="false" autoIncrement="false" lazyLoad="false" name="DB" type="VARCHAR" size="255" required="true"/><column primaryKey="false" autoIncrement="false" lazyLoad="false" name="USERNAME" type="VARCHAR" size="255" required="true"/><column primaryKey="false" autoIncrement="false" lazyLoad="false" name="PASSWORD" type="VARCHAR" size="255" required="true"/></table><table skipSql="false" abstract="false" name="ODOOSTEP_STEP" phpName="OdooStepStep" idMethod="native"><column lazyLoad="false" name="ID" type="INTEGER" required="true" primaryKey="true" autoIncrement="true"/><column primaryKey="false" autoIncrement="false" lazyLoad="false" name="STEP_ID" type="VARCHAR" size="255" required="true"/><column primaryKey="false" autoIncrement="false" lazyLoad="false" name="PRO_UID" type="VARCHAR" size="32" required="false" default=""/><column primaryKey="false" autoIncrement="false" lazyLoad="false" name="NOMBRE" type="VARCHAR" size="128" required="true"/><column primaryKey="false" autoIncrement="false" lazyLoad="false" name="MODEL" type="VARCHAR" size="128" required="true"/><column primaryKey="false" autoIncrement="false" lazyLoad="false" name="METHOD" type="VARCHAR" size="128" required="true"/><column primaryKey="false" autoIncrement="false" lazyLoad="false" name="PARAMETERS" type="LONGVARCHAR" required="false"/><column primaryKey="false" autoIncrement="false" lazyLoad="false" name="KW_PARAMETERS" type="LONGVARCHAR" required="false"/><column primaryKey="false" autoIncrement="false" lazyLoad="false" name="OUTPUT" type="VARCHAR" required="false"/></table></database>
