<?xml version="1.0" encoding="utf-8"?>
<!--Autogenerated by CreoleToXMLSchema!-->
<database name="workflow" defaultIdMethod="native">
  <table name="ODOOSTEP_CONFIG" phpName="OdooStepConf" idMethod="native"> <!-- Configuracion general para conectar con odoo TODO: Crear variables genericas -->
    <column name="ID" type="INTEGER" required="true" primaryKey="true" autoIncrement="true"/>
    <column name="URL" type="VARCHAR" size="255" required="true" />
    <column name="DB" type="VARCHAR" size="255" required="true" />
    <column name="USERNAME" type="VARCHAR" size="255" required="true" />
    <column name="PASSWORD" type="VARCHAR" size="255" required="true" />
  </table>
  <table name="ODOOSTEP_STEP" phpName="OdooStepStep" idMethod="native"> <!-- Configuracion de una step genérica -->
    <column name="ID" type="INTEGER" required="true" primaryKey="true" autoIncrement="true"/>
    <column name="STEP_ID" type="VARCHAR" size="255" required="true" />
    <column name="PRO_UID" type="VARCHAR" size="32" required="false" default=""/> <!-- Por si se puede filtrar por proceso -->
    <column name="NOMBRE" type="VARCHAR" size="128" required="true"/>
    <column name="MODEL" type="VARCHAR" size="128" required="true"/>
    <column name="METHOD" type="VARCHAR" size="128" required="true"/>
    <column name="PARAMETERS" type="LONGVARCHAR" required="false"/>
    <column name="KW_PARAMETERS" type="LONGVARCHAR" required="false"/>
    <column name="OUTPUT" type="VARCHAR" required="false"/>
  </table>
</database>

<!--

Server URL
Database name
username
password


the model name, a string
the method name, a string
an array/list of parameters passed by position LONGVARCHAR
a mapping/dict of parameters to pass by keyword (optional)-->